-- H2 2.1.214;
;             
CREATE USER IF NOT EXISTS "SA" SALT 'a3f21e339113daae' HASH 'f5df63e22e1937c05023bfced6946dcb4bb09a889f57dfd47d6ef9f4eff2f531' ADMIN;         
CREATE CACHED TABLE "PUBLIC"."CCARD"(
    "ID" BIGINT,
    "VALIDITY" DATE,
    "BALANCE" FLOAT,
    "TOTALSPENDING" FLOAT,
    "DISCOUNT" INTEGER,
    "COC" INTEGER
);               
-- 12 +/- SELECT COUNT(*) FROM PUBLIC.CCARD;  
INSERT INTO "PUBLIC"."CCARD" VALUES
(452109392672, DATE '2028-12-19', 25000.0, 4.99, 5, 1),
(452125776314, DATE '2024-11-29', 1000.0, 0.0, 0, 0),
(452128925962, DATE '2026-02-10', 2000.0, 0.0, 0, 0),
(452130138532, DATE '2023-08-14', 100.0, 0.0, 0, 0),
(452137214245, DATE '2024-03-19', 650.0, 0.0, 0, 0),
(452146541186, DATE '2028-04-09', 350.0, 0.0, 0, 0),
(452148323426, DATE '2025-08-15', 2050.0, 0.0, 0, 0),
(452169674287, DATE '2025-08-12', 1250.0, 0.0, 0, 0),
(452175293744, DATE '2024-08-12', 1500.0, 0.0, 0, 0),
(452180429296, DATE '2024-02-12', 570.0, 0.0, 0, 0),
(452182367444, DATE '2024-12-22', 570.0, 0.0, 0, 0),
(452111038386, DATE '2026-06-06', 5170.0, 0.0, 0, 0);          
CREATE CACHED TABLE "PUBLIC"."PRODUCT"(
    "ID" BIGINT GENERATED BY DEFAULT AS IDENTITY(START WITH 1 RESTART WITH 97) NOT NULL,
    "NAME" CHARACTER VARYING,
    "CATEGORY" CHARACTER VARYING,
    "SIZE" CHARACTER VARYING,
    "PRICE" CHARACTER VARYING,
    "CREATED" TIMESTAMP,
    "UPDATED" TIMESTAMP
);     
ALTER TABLE "PUBLIC"."PRODUCT" ADD CONSTRAINT "PUBLIC"."CONSTRAINT_1" PRIMARY KEY("ID");      
-- 48 +/- SELECT COUNT(*) FROM PUBLIC.PRODUCT;
INSERT INTO "PUBLIC"."PRODUCT" VALUES
(1, 'Salted caramel latte', 'Cafe', 'M', '18', TIMESTAMP '2022-12-10 16:50:46.631838', TIMESTAMP '2022-12-10 16:50:46.631838'),
(2, 'Aperol coffee', 'Cafe', 'M', '19', TIMESTAMP '2022-12-10 16:51:53.944905', TIMESTAMP '2022-12-10 16:51:53.944905'),
(3, 'Banana-honey cappuccino', 'Cafe', 'M', '19', TIMESTAMP '2022-12-10 16:52:16.208603', TIMESTAMP '2022-12-10 16:52:16.208603'),
(4, 'Pomegranate mulled wine', 'Cafe', 'M', '19', TIMESTAMP '2022-12-10 16:53:10.137244', TIMESTAMP '2022-12-10 16:53:10.137244'),
(5, 'Raspberry tea', 'Tea', 'M', '17', TIMESTAMP '2022-12-10 16:53:27.135492', TIMESTAMP '2022-12-10 16:53:27.135492'),
(6, 'Almond cocoa', 'Cocoa', 'M', '17', TIMESTAMP '2022-12-10 16:56:39.714959', TIMESTAMP '2022-12-10 16:56:39.714959'),
(7, 'Espresso', 'Cafe', 'S', '10', TIMESTAMP '2022-12-10 16:56:55.613514', TIMESTAMP '2022-12-10 16:56:55.613514'),
(8, 'Americano', 'Cafe', 'S', '10', TIMESTAMP '2022-12-10 16:57:23.256355', TIMESTAMP '2022-12-10 16:57:23.256355'),
(9, 'Americano', 'Cafe', 'M', '12', TIMESTAMP '2022-12-10 16:57:28.427995', TIMESTAMP '2022-12-10 16:57:28.427995'),
(10, 'Americano', 'Cafe', 'L', '14', TIMESTAMP '2022-12-10 16:57:36.110043', TIMESTAMP '2022-12-10 16:57:36.110043'),
(11, 'Americano with milk', 'Cafe', 'S', '11', TIMESTAMP '2022-12-10 16:57:53.389939', TIMESTAMP '2022-12-10 16:57:53.389939'),
(12, 'Americano with milk', 'Cafe', 'M', '13', TIMESTAMP '2022-12-10 16:58:00.816101', TIMESTAMP '2022-12-10 16:58:00.816101'),
(13, 'Americano with milk', 'Cafe', 'L', '15', TIMESTAMP '2022-12-10 16:58:07.993269', TIMESTAMP '2022-12-10 16:58:07.993269'),
(14, 'Cappuccino', 'Cafe', 'S', '11', TIMESTAMP '2022-12-10 16:58:20.559223', TIMESTAMP '2022-12-10 16:58:20.559223'),
(15, 'Cappuccino', 'Cafe', 'M', '12', TIMESTAMP '2022-12-10 16:58:27.698818', TIMESTAMP '2022-12-10 16:58:27.698818'),
(16, 'Cappuccino', 'Cafe', 'L', '13', TIMESTAMP '2022-12-10 16:58:34.420866', TIMESTAMP '2022-12-10 16:58:34.420866'),
(17, 'Latte', 'Cafe', 'S', '12', TIMESTAMP '2022-12-10 16:58:44.894834', TIMESTAMP '2022-12-10 16:58:44.894834'),
(18, 'Latte', 'Cafe', 'M', '13', TIMESTAMP '2022-12-10 16:58:50.784544', TIMESTAMP '2022-12-10 16:58:50.784544'),
(19, 'Latte', 'Cafe', 'L', '14', TIMESTAMP '2022-12-10 16:58:55.36923', TIMESTAMP '2022-12-10 16:58:55.36923'),
(20, 'Raff coffee', 'Cafe', 'S', '12', TIMESTAMP '2022-12-10 16:59:07.801382', TIMESTAMP '2022-12-10 16:59:07.801382'),
(21, 'Raff coffee', 'Cafe', 'M', '13', TIMESTAMP '2022-12-10 16:59:16.168721', TIMESTAMP '2022-12-10 16:59:16.168721'),
(22, 'Raff coffee', 'Cafe', 'L', '14', TIMESTAMP '2022-12-10 16:59:48.404007', TIMESTAMP '2022-12-10 16:59:48.404007'),
(23, 'Mocaccino', 'Cafe', 'S', '13', TIMESTAMP '2022-12-10 16:59:58.643984', TIMESTAMP '2022-12-10 16:59:58.643984'),
(24, 'Mocaccino', 'Cafe', 'M', '14', TIMESTAMP '2022-12-10 17:00:03.548463', TIMESTAMP '2022-12-10 17:00:03.548463'),
(25, 'Mocaccino', 'Cafe', 'L', '15', TIMESTAMP '2022-12-10 17:00:08.252497', TIMESTAMP '2022-12-10 17:00:08.252497'),
(26, 'Viennese coffee', 'Cafe', 'S', '16', TIMESTAMP '2022-12-10 17:00:28.201713', TIMESTAMP '2022-12-10 17:00:28.201713'),
(27, 'Viennese coffee', 'Cafe', 'L', '18', TIMESTAMP '2022-12-10 17:00:36.400062', TIMESTAMP '2022-12-10 17:00:36.400062'),
(28, 'Hot chocolate', 'Cocoa', 'S', '14', TIMESTAMP '2022-12-10 17:00:51.029306', TIMESTAMP '2022-12-10 17:00:51.029306'),
(29, 'Hot chocolate', 'Cocoa', 'M', '16', TIMESTAMP '2022-12-10 17:00:58.65955', TIMESTAMP '2022-12-10 17:00:58.65955'),
(30, 'Hot chocolate', 'Cafe', 'L', '18', TIMESTAMP '2022-12-10 17:01:16.606251', TIMESTAMP '2022-12-10 17:01:16.606251'),
(31, 'Cocoa', 'Cocoa', 'M', '15', TIMESTAMP '2022-12-10 17:01:36.478575', TIMESTAMP '2022-12-10 17:01:36.478575'),
(32, 'Cocoa', 'Cocoa', 'L', '17', TIMESTAMP '2022-12-10 17:01:43.115317', TIMESTAMP '2022-12-10 17:01:43.115317'),
(33, 'Matcha Latte', 'Cafe', 'M', '16', TIMESTAMP '2022-12-10 17:02:01.903699', TIMESTAMP '2022-12-10 17:02:01.903699'),
(34, 'Matcha Latte', 'Cafe', 'L', '18', TIMESTAMP '2022-12-10 17:02:24.27725', TIMESTAMP '2022-12-10 17:02:24.27725');    
INSERT INTO "PUBLIC"."PRODUCT" VALUES
(35, 'Fruit disco tea', 'Tea', 'M', '13', TIMESTAMP '2022-12-10 17:02:34.779783', TIMESTAMP '2022-12-10 17:02:34.779783'),
(36, 'Fruit disco tea', 'Tea', 'L', '15', TIMESTAMP '2022-12-10 17:02:41.536101', TIMESTAMP '2022-12-10 17:02:41.536101'),
(37, 'Mandarin tea', 'Tea', 'M', '14', TIMESTAMP '2022-12-10 17:03:04.661054', TIMESTAMP '2022-12-10 17:03:04.661054'),
(38, 'Mandarin tea', 'Tea', 'L', '16', TIMESTAMP '2022-12-10 17:03:12.190376', TIMESTAMP '2022-12-10 17:03:12.190376'),
(39, 'Ginger sea buckthorn tea', 'Tea', 'M', '13', TIMESTAMP '2022-12-10 17:03:30.388507', TIMESTAMP '2022-12-10 17:03:30.388507'),
(40, 'Ginger sea buckthorn tea', 'Tea', 'L', '15', TIMESTAMP '2022-12-10 17:03:59.939351', TIMESTAMP '2022-12-10 17:03:59.939351'),
(41, 'Autumn in New York', 'Sweets', 'M', '36', TIMESTAMP '2022-12-10 17:04:30.358057', TIMESTAMP '2022-12-10 17:04:30.358057'),
(42, 'Passion Cake', 'Sweets', 'M', '37', TIMESTAMP '2022-12-10 17:04:45.142367', TIMESTAMP '2022-12-10 17:04:45.142367'),
(43, 'Blueberry nights', 'Sweets', 'M', '45', TIMESTAMP '2022-12-10 17:05:00.026804', TIMESTAMP '2022-12-10 17:05:00.026804'),
(44, 'Whoopie cookie', 'Sweets', 'M', '31', TIMESTAMP '2022-12-10 17:05:12.878611', TIMESTAMP '2022-12-10 17:05:12.878611'),
(45, 'Basque Cake Choco', 'Sweets', 'M', '30', TIMESTAMP '2022-12-10 17:05:26.280321', TIMESTAMP '2022-12-10 17:05:26.280321'),
(46, 'Strawberry marzipan', 'Cafe', 'M', '14', TIMESTAMP '2022-12-10 17:05:41.961283', TIMESTAMP '2022-12-10 17:05:41.961283'),
(47, 'Carob peanut candy', 'Cafe', 'M', '16', TIMESTAMP '2022-12-10 17:06:03.289903', TIMESTAMP '2022-12-10 17:06:03.289903'),
(65, 'Banan Milk', 'Toppings', 'M', '4', TIMESTAMP '2022-12-11 15:41:24.855108', TIMESTAMP '2022-12-11 15:41:24.855108');            
CREATE CACHED TABLE "PUBLIC"."ORDER_LINE"(
    "id" BIGINT GENERATED BY DEFAULT AS IDENTITY(START WITH 1) NOT NULL,
    "header_id" INTEGER,
    "lineNumber" BIGINT GENERATED BY DEFAULT AS IDENTITY(START WITH 1) NOT NULL,
    "product_id" INTEGER,
    "price" FLOAT,
    "quantity" FLOAT,
    "discount_amount" FLOAT,
    "vat_percent" FLOAT,
    "vat_amount" FLOAT,
    "total_amount" FLOAT,
    "clients_id" INTEGER,
    "created" TIMESTAMP,
    "updated" TIMESTAMP
);          
ALTER TABLE "PUBLIC"."ORDER_LINE" ADD CONSTRAINT "PUBLIC"."CONSTRAINT_4B" PRIMARY KEY("id");  
-- 0 +/- SELECT COUNT(*) FROM PUBLIC.ORDER_LINE;              
CREATE CACHED TABLE "PUBLIC"."ORDER_HEADER"(
    "id" BIGINT GENERATED BY DEFAULT AS IDENTITY(START WITH 1) NOT NULL,
    "coffeeshop_id" INTEGER,
    "clients_id" INTEGER,
    "staff_id" INTEGER,
    "created" TIMESTAMP,
    "updated" TIMESTAMP
);               
ALTER TABLE "PUBLIC"."ORDER_HEADER" ADD CONSTRAINT "PUBLIC"."CONSTRAINT_51" PRIMARY KEY("id");
-- 0 +/- SELECT COUNT(*) FROM PUBLIC.ORDER_HEADER;            
CREATE CACHED TABLE "PUBLIC"."CLIENTS"(
    "ID" BIGINT GENERATED BY DEFAULT AS IDENTITY(START WITH 1) NOT NULL,
    "FNAME" CHARACTER VARYING,
    "CARDID" BIGINT NOT NULL,
    "PHONE" CHARACTER VARYING,
    "BDATE" DATE,
    "CREATED" TIMESTAMP,
    "UPDATED" TIMESTAMP
);    
ALTER TABLE "PUBLIC"."CLIENTS" ADD CONSTRAINT "PUBLIC"."CONSTRAINT_5" PRIMARY KEY("CARDID");  
-- 12 +/- SELECT COUNT(*) FROM PUBLIC.CLIENTS;
INSERT INTO "PUBLIC"."CLIENTS" VALUES
(1, 'Foxi', 452109392672, '972584653558', DATE '1994-02-06', TIMESTAMP '2022-12-08 22:28:52.360719', TIMESTAMP '2022-12-08 22:29:55.703808'),
(2, 'Clifford', 452111038386, '972605942973', DATE '2011-07-19', TIMESTAMP '2022-12-08 22:29:05.651995', TIMESTAMP '2022-12-08 22:29:57.603498'),
(3, 'Brian', 452125776314, U&'\00a0972552284416', DATE '1989-02-23', TIMESTAMP '2022-12-08 22:29:09.267034', TIMESTAMP '2022-12-08 22:29:58.767564'),
(4, 'Robert', 452128925962, '972581614895', DATE '1988-10-07', TIMESTAMP '2022-12-08 22:29:11.332166', TIMESTAMP '2022-12-08 22:30:00.045675'),
(5, 'Christopher', 452130138532, '972593767228', DATE '1979-10-11', TIMESTAMP '2022-12-08 22:29:14.809895', TIMESTAMP '2022-12-08 22:30:01.836308'),
(6, 'Steven', 452137214245, '972603088456', DATE '1977-03-10', TIMESTAMP '2022-12-08 22:29:16.276927', TIMESTAMP '2022-12-08 22:30:03.088454'),
(7, 'Nickolas', 452146541186, '972596117720', DATE '1998-05-05', TIMESTAMP '2022-12-08 22:29:18.200567', TIMESTAMP '2022-12-08 22:30:04.044834'),
(8, 'Shanna', 452148323426, '972578027866', DATE '1969-04-03', TIMESTAMP '2022-12-08 22:29:19.791512', TIMESTAMP '2022-12-08 22:30:05.025604'),
(9, 'Maria', 452169674287, '972580695159', DATE '1966-02-22', TIMESTAMP '2022-12-08 22:29:27.269423', TIMESTAMP '2022-12-08 22:30:06.030334'),
(10, 'Solomon', 452175293744, '972647438487', DATE '2000-08-25', TIMESTAMP '2022-12-08 22:29:28.929754', TIMESTAMP '2022-12-08 22:30:08.245747'),
(11, 'Lisa', 452180429296, '972587724632', DATE '1992-12-14', TIMESTAMP '2022-12-08 22:29:29.917756', TIMESTAMP '2022-12-08 22:30:10.592282'),
(12, 'Jeremy', 452182367444, '972649365973', DATE '1978-08-01', TIMESTAMP '2022-12-08 22:29:33.51821', TIMESTAMP '2022-12-08 22:29:51.608988');
CREATE CACHED TABLE "PUBLIC"."PAYMENT"(
    "id" BIGINT GENERATED BY DEFAULT AS IDENTITY(START WITH 1) NOT NULL,
    "order_header_id" INTEGER,
    "ccard_id" INTEGER,
    "total_amount" FLOAT,
    "tips_amount" FLOAT,
    "created" TIMESTAMP,
    "updated" TIMESTAMP
);        
ALTER TABLE "PUBLIC"."PAYMENT" ADD CONSTRAINT "PUBLIC"."CONSTRAINT_F" PRIMARY KEY("id");      
-- 0 +/- SELECT COUNT(*) FROM PUBLIC.PAYMENT; 
CREATE CACHED TABLE "PUBLIC"."SALARY"(
    "ID" BIGINT GENERATED BY DEFAULT AS IDENTITY(START WITH 1) NOT NULL,
    "TIME" FLOAT,
    "PAYTIME" FLOAT,
    "BONUS" FLOAT,
    "STAFFID" INTEGER
);      
ALTER TABLE "PUBLIC"."SALARY" ADD CONSTRAINT "PUBLIC"."CONSTRAINT_9" PRIMARY KEY("ID");       
-- 4 +/- SELECT COUNT(*) FROM PUBLIC.SALARY;  
INSERT INTO "PUBLIC"."SALARY" VALUES
(1, 150.0, 60.0, 2000.0, 1),
(2, 100.0, 35.0, 0.0, 2),
(3, 110.5, 35.0, 100.0, 3),
(4, 50.0, 33.6, -50.0, 4);        
CREATE CACHED TABLE "PUBLIC"."COFFEESHOP"(
    "ID" BIGINT GENERATED BY DEFAULT AS IDENTITY(START WITH 1 RESTART WITH 33) NOT NULL,
    "NAME" CHARACTER VARYING,
    "ADDRESS" CHARACTER VARYING,
    "PHONE" CHARACTER VARYING
);      
-- 1 +/- SELECT COUNT(*) FROM PUBLIC.COFFEESHOP;              
INSERT INTO "PUBLIC"."COFFEESHOP" VALUES
(1, 'CoffeFox', 'Street: 22 HaBarzel City: Tel Aviv', '972-58-4032244');            
CREATE CACHED TABLE "PUBLIC"."ACCESS"(
    "ID" BIGINT GENERATED BY DEFAULT AS IDENTITY(START WITH 1 RESTART WITH 129) NOT NULL,
    "NAME" CHARACTER VARYING(200),
    "EMAIL" CHARACTER VARYING(200),
    "MOBILENUMBER" CHARACTER VARYING(200),
    "PASSWORD" CHARACTER VARYING(200),
    "STATUS" CHARACTER VARYING(200)
);       
ALTER TABLE "PUBLIC"."ACCESS" ADD CONSTRAINT "PUBLIC"."CONSTRAINT_7" PRIMARY KEY("ID");       
-- 4 +/- SELECT COUNT(*) FROM PUBLIC.ACCESS;  
INSERT INTO "PUBLIC"."ACCESS" VALUES
(1, 'Foxi', 'bzachepa@gmail.com', '0584032244', '15975312', 'true'),
(2, 'Oksana', 'oksy@gmail.com', '0546869119', '15975312', 'true'),
(3, 'Ampi', 'ampi1234@gmail.com', '0584035424', '15975312', 'true'),
(97, 'Nasty', 'dsaak@gmail.com', '0647438481', '15975312', 'true');     
CREATE CACHED TABLE "PUBLIC"."CATEGORY"(
    "ID" BIGINT GENERATED BY DEFAULT AS IDENTITY(START WITH 1 RESTART WITH 97) NOT NULL,
    "NAME" CHARACTER VARYING
);          
ALTER TABLE "PUBLIC"."CATEGORY" ADD CONSTRAINT "PUBLIC"."CONSTRAINT_3" PRIMARY KEY("ID");     
-- 5 +/- SELECT COUNT(*) FROM PUBLIC.CATEGORY;
INSERT INTO "PUBLIC"."CATEGORY" VALUES
(1, 'Cafe'),
(2, 'Cocoa'),
(3, 'Tea'),
(4, 'Sweets'),
(5, 'Toppings');            
CREATE CACHED TABLE "PUBLIC"."STAFF"(
    "ID" BIGINT GENERATED BY DEFAULT AS IDENTITY(START WITH 1 RESTART WITH 5) NOT NULL,
    "POST" CHARACTER VARYING,
    "NAME" CHARACTER VARYING,
    "ADDRESS" CHARACTER VARYING,
    "PHONE" CHARACTER VARYING
);             
ALTER TABLE "PUBLIC"."STAFF" ADD CONSTRAINT "PUBLIC"."CONSTRAINT_4" PRIMARY KEY("ID");        
-- 4 +/- SELECT COUNT(*) FROM PUBLIC.STAFF;   
INSERT INTO "PUBLIC"."STAFF" VALUES
(1, 'Manager', 'Oksana', U&'\00a034 Yasmin City Beer Sheva', '972-54-6869119'),
(2, 'Barista', 'Mary', '71 Sokolov City Ramat Hasharon', '972-3-5492363'),
(3, 'Barista', 'Monica', U&'\00a07 Hachalutzim City Ashdod', '972-8-8647788'),
(4, 'Barista', 'Ruby', '25 Shenkar Arie City Haifa', '972-52-2694699');     
CREATE CACHED TABLE "PUBLIC"."BILL"(
    "ID" BIGINT NOT NULL,
    "NAME" CHARACTER VARYING,
    "MOBILENUMBER" CHARACTER VARYING,
    "CARD" CHARACTER VARYING,
    "DATE" CHARACTER VARYING,
    "TOTAL" CHARACTER VARYING,
    "CREATEDBY" CHARACTER VARYING
);    
ALTER TABLE "PUBLIC"."BILL" ADD CONSTRAINT "PUBLIC"."CONSTRAINT_1F" PRIMARY KEY("ID");        
-- 11 +/- SELECT COUNT(*) FROM PUBLIC.BILL;   
INSERT INTO "PUBLIC"."BILL" VALUES
(1, 'Alone', '1234567891', '123456789121', '11-12-2022', '94.0', 'bzachepa@gmail.com'),
(2, 'Foxi', '0584032244', '123456789851', '11-12-2022', '30.0', 'null'),
(3, '', '', '', '11-12-2022', '20.0', 'null'),
(4, 'Clifford', '0552284411', '452125776314', '11-12-2022', '138,34', 'null'),
(5, 'Robert', '0581614895', '452128925962', '12-12-2022', '38.0', 'null'),
(6, 'Steven', '0581614895', '452169674287', '12-12-2022', '50.0', 'null'),
(7, 'Solomon', '0647438481', '452175293744', '12-12-2022', '51.0', 'null'),
(8, 'Jeremy', '6474384811', '452175293744', '12-12-2022', '73.0', 'null'),
(9, 'Pepa', '0548714134', '123456789123', '12-12-2022', '87.0', 'bzachepa@gmail.com'),
(10, 'Alona', '1234567891', '123456789121', '12-12-2022', '123.0', 'bzachepa@gmail.com'),
(11, 'Nasty', '0583224412', '452169674287', '12-12-2022', '14.0', 'oksy@gmail.com');               
